Datetime,Water Level (m)
2025-02-20 18:00:00,0.15353072
2025-02-20 19:00:00,0.010066795
2025-02-20 20:00:00,-0.12686552
2025-02-20 21:00:00,-0.22887023
2025-02-20 22:00:00,-0.2766237
2025-02-20 23:00:00,-0.29648456
2025-02-21 00:00:00,-0.309566
2025-02-21 01:00:00,-0.2893833
2025-02-21 02:00:00,-0.20321648
2025-02-21 03:00:00,-0.088522844
2025-02-21 04:00:00,0.032310434
2025-02-21 05:00:00,0.06465652
2025-02-21 06:00:00,-0.015619485
2025-02-21 07:00:00,-0.13175637
2025-02-21 08:00:00,-0.23367728
2025-02-21 09:00:00,-0.30948034
2025-02-21 10:00:00,-0.35843092
2025-02-21 11:00:00,-0.3904842
2025-02-21 12:00:00,-0.41136286
2025-02-21 13:00:00,-0.39152414
2025-02-21 14:00:00,-0.27262816
2025-02-21 15:00:00,-0.11106179
2025-02-21 16:00:00,0.045966584
2025-02-21 17:00:00,0.15587197
2025-02-21 18:00:00,0.20297179
2025-02-21 19:00:00,0.17736489
2025-02-21 20:00:00,0.06697665
2025-02-21 21:00:00,-0.085556604
2025-02-21 22:00:00,-0.1849198
2025-02-21 23:00:00,-0.23489755
2025-02-22 00:00:00,-0.25795773
2025-02-22 01:00:00,-0.27934533
2025-02-22 02:00:00,-0.29403263
2025-02-22 03:00:00,-0.27225345
2025-02-22 04:00:00,-0.20224537
2025-02-22 05:00:00,-0.11268947
2025-02-22 06:00:00,-0.04719889
2025-02-22 07:00:00,-0.06714522
2025-02-22 08:00:00,-0.12796478
2025-02-22 09:00:00,-0.20126377
2025-02-22 10:00:00,-0.27042797
2025-02-22 11:00:00,-0.32410464
2025-02-22 12:00:00,-0.37106675
2025-02-22 13:00:00,-0.40407395
2025-02-22 14:00:00,-0.415862
2025-02-22 15:00:00,-0.3656777
2025-02-22 16:00:00,-0.22304636
2025-02-22 17:00:00,-0.058374245
2025-02-22 18:00:00,0.07609941
2025-02-22 19:00:00,0.15931256
2025-02-22 20:00:00,0.17643884
2025-02-22 21:00:00,0.121780135
2025-02-22 22:00:00,-0.007523246
2025-02-22 23:00:00,-0.14108317
2025-02-23 00:00:00,-0.22170646
2025-02-23 01:00:00,-0.26331198
2025-02-23 02:00:00,-0.28735805
2025-02-23 03:00:00,-0.31717038
2025-02-23 04:00:00,-0.34489325
2025-02-23 05:00:00,-0.3499942
2025-02-23 06:00:00,-0.29087532
2025-02-23 07:00:00,-0.18531124
2025-02-23 08:00:00,-0.10037578
2025-02-23 09:00:00,-0.07998241
2025-02-23 10:00:00,-0.13196076
2025-02-23 11:00:00,-0.20146179
2025-02-23 12:00:00,-0.2834866
2025-02-23 13:00:00,-0.35821822
2025-02-23 14:00:00,-0.40734297
2025-02-23 15:00:00,-0.4340778
2025-02-23 16:00:00,-0.41802958
2025-02-23 17:00:00,-0.30352658
2025-02-23 18:00:00,-0.13508397
2025-02-23 19:00:00,0.02818233
2025-02-23 20:00:00,0.15415479
2025-02-23 21:00:00,0.21831362
2025-02-23 22:00:00,0.20812774
2025-02-23 23:00:00,0.11180735
2025-02-24 00:00:00,-0.05364806
2025-02-24 01:00:00,-0.17897324
2025-02-24 02:00:00,-0.25114748
2025-02-24 03:00:00,-0.29067487
2025-02-24 04:00:00,-0.32164955
2025-02-24 05:00:00,-0.3550715
2025-02-24 06:00:00,-0.3602991
2025-02-24 07:00:00,-0.2641275
2025-02-24 08:00:00,-0.11571977
2025-02-24 09:00:00,0.016614428
2025-02-24 10:00:00,0.07541304
2025-02-24 11:00:00,0.014762001
2025-02-24 12:00:00,-0.1119788
2025-02-24 13:00:00,-0.21926907
2025-02-24 14:00:00,-0.30411685
2025-02-24 15:00:00,-0.36271685
2025-02-24 16:00:00,-0.40158245
2025-02-24 17:00:00,-0.41206837
2025-02-24 18:00:00,-0.2951855
2025-02-24 19:00:00,-0.0719696
2025-02-24 20:00:00,0.105776705
2025-02-24 21:00:00,0.2570989
2025-02-24 22:00:00,0.32949844
2025-02-24 23:00:00,0.31345662
2025-02-25 00:00:00,0.19019331
2025-02-25 01:00:00,-0.004424276
2025-02-25 02:00:00,-0.13831986
2025-02-25 03:00:00,-0.21148907
2025-02-25 04:00:00,-0.2525319
2025-02-25 05:00:00,-0.2894104
2025-02-25 06:00:00,-0.3281483
2025-02-25 07:00:00,-0.31418046
2025-02-25 08:00:00,-0.12709175
2025-02-25 09:00:00,0.06888119
2025-02-25 10:00:00,0.20796171
2025-02-25 11:00:00,0.2550548
2025-02-25 12:00:00,0.15799709
2025-02-25 13:00:00,-0.022987187
2025-02-25 14:00:00,-0.13961095
2025-02-25 15:00:00,-0.24458846
2025-02-25 16:00:00,-0.3027048
2025-02-25 17:00:00,-0.33462164
2025-02-25 18:00:00,-0.34982902
2025-02-25 19:00:00,-0.19270971
2025-02-25 20:00:00,0.07379578
2025-02-25 21:00:00,0.2615999
2025-02-25 22:00:00,0.41609254
2025-02-25 23:00:00,0.46872488
2025-02-26 00:00:00,0.40942582
2025-02-26 01:00:00,0.238911
2025-02-26 02:00:00,0.03499919
2025-02-26 03:00:00,-0.08901825
2025-02-26 04:00:00,-0.15869196
2025-02-26 05:00:00,-0.20026693
2025-02-26 06:00:00,-0.24431999
2025-02-26 07:00:00,-0.281118
2025-02-26 08:00:00,-0.17949697
2025-02-26 09:00:00,0.09612866
2025-02-26 10:00:00,0.2777179
2025-02-26 11:00:00,0.39608365
2025-02-26 12:00:00,0.3798035
2025-02-26 13:00:00,0.2126197
2025-02-26 14:00:00,0.02898711
2025-02-26 15:00:00,-0.10240418
2025-02-26 16:00:00,-0.1973119
2025-02-26 17:00:00,-0.2391906
2025-02-26 18:00:00,-0.2776392
